{
    "min_lat": 3548.25669357517,
    "max_lat": 3581.7630774408603,
    "min_lon": 11196.573215550801,
    "max_lon": 11243.856511719416,
    "districts": {
      "0": [
        [11224.243485281764, 3559.783689191495],
        3.545781914
      ],
      "1": [
        [11231.002028175817, 3561.214608463869],
        2.797748769
      ],
      "2": [
        [11222.335190817557, 3573.370850709269],
        2.740846811
      ],
      "3": [
        [11206.78612481293, 3563.5223528669057],
        3.632493223
      ],
      "4": [
        [11215.788680641748, 3555.4813416835023],
        3.067879573
      ],
      "5": [
        [11227.335629089499, 3562.1465040159987],
        2.330508451
      ],
      "6": [
        [11210.116805428695, 3557.3661133838364],
        2.530789731
      ],
      "7": [
        [11210.823581156177, 3553.053949439195],
        2.035817889
      ],
      "8": [
        [11225.082781458148, 3574.9930469971346],
        3.358660685
      ],
      "9": [
        [11224.181642405607, 3576.593336510061],
        2.563868297
      ],
      "10": [
        [11223.625056520214, 3566.1304417858255],
        2.127227487
      ],
      "11": [
        [11214.70201296074, 3559.2513177943642],
        2.281786837
      ],
      "12": [
        [11211.371332344977, 3565.2535874044042],
        2.755512305
      ],
      "13": [
        [11214.481145545904, 3566.6521591508335],
        2.368721555
      ],
      "14": [
        [11222.927115489323, 3556.0689005774902],
        3.866572715
      ],
      "15": [
        [11223.28933804966, 3564.953924498722],
        2.313883935
      ],
      "16": [
        [11221.540068124139, 3567.7623066126434],
        2.797031943
      ],
      "17": [
        [11229.48246036173, 3559.4842260318055],
        3.283750937
      ],
      "18": [
        [11208.261519144053, 3559.7725977685113],
        2.353806374
      ],
      "19": [
        [11210.867754639145, 3560.7819786480645],
        2.795438285
      ],
      "20": [
        [11219.216542920038, 3561.4919472672896],
        2.638309362
      ],
      "21": [
        [11213.8008739082, 3569.2723485718216],
        3.075400064
      ],
      "22": [
        [11218.227056901564, 3565.930643929097],
        2.75894831
      ],
      "23": [
        [11219.84380637818, 3564.942826082922],
        1.780577901
      ],
      "24": [
        [11228.263272231823, 3569.705426667843],
        2.426480765
      ]
    },
    "weights": [
      0.056145452030691184,
      0.04793348849950338,
      0.0306204721200929,
      0.059256954059508524,
      0.05201503790845776,
      0.036319319306261866,
      0.04325086170644275,
      0.025112218021099204,
      0.05224393596155093,
      0.032236838154893276,
      0.03682111435978633,
      0.04046277782229436,
      0.03895563270382745,
      0.033307306661896144,
      0.042316945226590436,
      0.0296670925764769,
      0.04566210754750696,
      0.06862510639980736,
      0.04570890172208774,
      0.04129088977466534,
      0.02402539225838004,
      0.04837761905028117,
      0.015668698072183535,
      0.013671145863032622,
      0.040304692192681846
    ],
    "hospitals": {
        "0": [11222.403297493598, 3567.5464910512615],
        "1": [11209.882235399442, 3557.001448377087],
        "2": [11219.97306682404, 3566.7149994731935],
        "3": [11210.012202621028, 3561.929366221982],
        "4": [11224.029932995703, 3564.5260392826112],
        "5": [11217.232102205895, 3565.475303939614],
        "6": [11226.43651318248, 3562.4066537931944],
        "7": [11224.643891400776, 3568.292627178473],
        "8": [11227.722809667712, 3556.602854014159],
        "9": [11224.1562426529, 3557.078600089579],
        "10": [11229.627199196022, 3560.822353137917],
        "11": [11216.600924977163, 3558.6606788249183],
        "12": [11220.482316405083, 3558.075875303319],
        "13": [11214.836980620601, 3564.76715236999],
        "14": [11212.65682487282, 3572.7052221676463],
        "15": [11214.475076109344, 3559.902627898873],
        "16": [11233.981246891697, 3563.8082477131743],
        "17": [11226.24920878, 3573.020113038513],
        "18": [11225.83627506122, 3567.6392948652033],
        "19": [11213.354615713866, 3557.1796569235653],
        "20": [11228.730724863284, 3570.401655474247],
        "21": [11232.014793619817, 3561.867376881031],
        "22": [11213.206060290648, 3559.212550305267],
        "23": [11220.45499068852, 3561.62970160749],
        "24": [11214.104716793447, 3556.132655462349],
        "25": [11222.62887380172, 3574.0947660718475],
        "26": [11205.599262837859, 3564.228247359925],
        "27": [11225.640798564387, 3574.3687155809253],
        "28": [11219.079189892098, 3565.0952275124414],
        "29": [11233.026843453394, 3561.0061556966334],
        "30": [11211.996166261555, 3557.127642580066]
      },
    "mean_treat_times": [
      5000, 5000, 5000, 5000, 5000, 5000, 5000, 5000, 5000, 5000,
      7000, 7000, 7000, 7000, 7000, 7000, 7000, 7000, 7000, 7000,
      9000, 9000, 9000, 9000, 9000, 9000, 9000, 9000, 9000, 9000, 9000
    ]
  }
  